{
  "total_episodes": 300,
  "final_avg_reward": 1313.0264293768796,
  "final_avg_sum_rate": 4.247207618338608,
  "best_sum_rate": 6.913302504988579
}