{
  "total_episodes": 200,
  "final_avg_reward": 381.0430078997326,
  "final_avg_sum_rate": 5.761557429273121,
  "best_sum_rate": 11.027302388353077
}