{
  "total_episodes": 300,
  "final_avg_reward": 449.3339496306718,
  "final_avg_sum_rate": 4.512295346897017,
  "best_sum_rate": 7.711265089778595
}