{
  "total_episodes": 200,
  "final_avg_reward": 448.2644794384585,
  "final_avg_sum_rate": 4.241014855830139,
  "best_sum_rate": 9.892688026367633
}