{
  "total_episodes": 10,
  "final_avg_reward": 76.05809778541231,
  "final_avg_sum_rate": 3.8029048892706157,
  "best_sum_rate": 7.1533468852511675
}