{
  "total_episodes": 2,
  "final_avg_reward": 4.6069557907324175,
  "final_avg_sum_rate": 3.0713038604882787,
  "best_sum_rate": 3.3707401091496982
}