{
  "total_episodes": 120,
  "final_avg_reward": 139.97720509756596,
  "final_avg_sum_rate": 3.139366285132236,
  "final_avg_common_rate": 1.2170583101736219,
  "final_avg_common_power_ratio": 0.887808964263961,
  "final_avg_common_split_ratio": 0.4807472017555473,
  "final_avg_common_fraction": 0.43252698852977495,
  "final_avg_alpha": 0.8878089643083513,
  "final_avg_fairness": 0.6940417941309445,
  "best_sum_rate": 3.417549057021638
}