{
  "total_episodes": 5,
  "final_avg_reward": 39.94339783649258,
  "final_avg_sum_rate": 3.994339783649258,
  "best_sum_rate": 7.300940565871426
}