{
  "total_episodes": 200,
  "final_avg_reward": 150.54258685028847,
  "final_avg_sum_rate": 3.348986065527133,
  "final_avg_common_rate": 0.49197607831803347,
  "final_avg_common_power_ratio": 0.41925520567921126,
  "final_avg_common_split_ratio": 0.7955382573058134,
  "final_avg_common_fraction": 0.16690674470784522,
  "final_avg_alpha": 0.41925520570017405,
  "final_avg_fairness": 0.7206666955628236,
  "best_sum_rate": 3.253452027930622
}