{
  "total_episodes": 300,
  "final_avg_reward": 3156.261946298685,
  "final_avg_sum_rate": 4.247220583253668,
  "best_sum_rate": 6.91329387655856
}